{
  "project_info": {
    "project_number": "550689718858",
    "firebase_url": "https://doctorapplicationdatabase.firebaseio.com",
    "project_id": "doctorapplicationdatabase",
    "storage_bucket": "doctorapplicationdatabase.appspot.com"
  },
  "client": [
    {
      "client_info": {
        "mobilesdk_app_id": "1:550689718858:android:914378a368a72675ee9cb3",
        "android_client_info": {
          "package_name": "com.example.doctor_application"
        }
      },
      "oauth_client": [
        {
          "client_id": "550689718858-rqofh2uvpfr6dshbc92hrn6fucc2prig.apps.googleusercontent.com",
          "client_type": 1,
          "android_info": {
            "package_name": "com.example.doctor_application",
            "certificate_hash": "3a14ae4c115f2631f51be7fe395a7308f26330ef"
          }
        },
        {
          "client_id": "550689718858-fpgtu84at9dup2p0mbfl0e7v368cikmu.apps.googleusercontent.com",
          "client_type": 3
        }
      ],
      "api_key": [
        {
          "current_key": "AIzaSyBMHEY3IKf8H3ycf73ciSIUUwnZRChJF5w"
        }
      ],
      "services": {
        "appinvite_service": {
          "other_platform_oauth_client": [
            {
              "client_id": "550689718858-151o8h5mhrq452lad3ekqutla3b41rcq.apps.googleusercontent.com",
              "client_type": 3
            }
          ]
        }
      }
    }
  ],
  "configuration_version": "1"
}